2014-07-20 21:59:52,"http:\127.0.0.1\3363:/","","test"," 5",0,2,2,2
2014-07-20 22:00:01,"http:\127.0.0.1\3363:/","","test"," 5",1,2,1,1
2014-07-20 23:09:17,"http:\127.0.0.1\7476:/","","test"," 5",0,2,2,2
2014-07-21 10:03:03,"http:\127.0.0.1\3363:/","","test"," 5",0,2,2,2
2014-07-21 10:20:58,"http:\127.0.0.1\3363:/","","test"," 5",0,2,2,2
2014-07-21 10:25:45,"http:\127.0.0.1\7196:/","","test"," 5",0,2,2,2
2014-07-21 10:26:01,"http:\127.0.0.1\7196:/","","test"," 5",1,2,2,2
2014-07-21 10:26:05,"http:\127.0.0.1\7196:/","","test"," 5",2,2,2,2
2014-07-21 10:26:50,"http:\127.0.0.1\7196:/","","test"," 5",0,2,2,2
2014-07-21 10:27:10,"http:\127.0.0.1\7196:/","","test"," 5",0,2,2,2
2014-07-21 10:32:58,"http:\127.0.0.1\7196:/","","test"," 5",1,2,2,1
2014-07-21 10:47:53,"http:\127.0.0.1\7196:/","","test"," 5",0,2,2,2
2014-07-21 10:49:22,"http:\127.0.0.1\7196:/","","test"," 5",0,2,2,2
2014-07-21 10:50:17,"http:\127.0.0.1\7196:/","","test"," 5",0,2,2,2
2014-07-21 10:54:58,"http:\127.0.0.1\7196:/","","test"," 5",0,2,2,2
2014-07-21 10:55:52,"http:\127.0.0.1\7196:/","","test"," 5",0,2,2,2
2014-07-21 10:56:22,"http:\127.0.0.1\7196:/","","test"," 5",0,2,2,2
2014-07-21 16:28:47,"http:\127.0.0.1\7196:/","","test"," 5",0,2,2,2
2014-07-21 16:29:34,"http:\127.0.0.1\7196:/","","test"," 5",1,2,2,2
2014-07-21 16:30:13,"http:\127.0.0.1\7196:/","","test"," 5",2,1,1,1
2014-07-21 16:31:24,"http:\127.0.0.1\7196:/","","test"," 5",0,2,2,2
2014-07-21 16:32:15,"http:\127.0.0.1\7196:/","","test"," 5",0,2,2,2
2014-07-21 16:33:12,"http:\127.0.0.1\7196:/","","test"," 5",1,2,2,2
2014-07-21 16:33:19,"http:\127.0.0.1\7196:/","","test"," 5",2,2,2,2
2014-07-21 16:33:32,"http:\127.0.0.1\7196:/","","test"," 5",3,2,2,2
2014-07-21 18:37:17,"http:\127.0.0.1\7196:/","","test"," 5",0,2,2,2
2014-07-21 18:51:38,"http:\127.0.0.1\7196:/","","test"," 5",0,2,2,2
2014-07-21 18:52:06,"http:\127.0.0.1\7196:/","","test"," 5",0,2,2,2
2014-07-21 18:54:34,"http:\127.0.0.1\7196:/","","test"," 5",0,2,2,2
2014-07-21 18:56:59,"http:\127.0.0.1\7196:/","","test"," 5",0,2,2,2
2014-07-21 18:57:08,"http:\127.0.0.1\7196:/","","test"," 5",1,2,2,2
2014-07-21 18:57:14,"http:\127.0.0.1\7196:/","","test"," 5",2,2,2,2
2014-07-21 19:04:36,"http:\127.0.0.1\7196:/","","test"," 5",0,2,2,2
2014-07-21 19:09:10,"http:\127.0.0.1\7196:/","","test"," 5",0,2,2,2
2014-07-21 19:09:23,"http:\127.0.0.1\7196:/","","test"," 5",1,2,2,2
2014-07-21 19:09:33,"http:\127.0.0.1\7196:/","","test"," 5",2,2,2,2
2014-07-21 19:09:40,"http:\127.0.0.1\7196:/","","test"," 5",3,2,2,2
2014-07-21 19:09:45,"http:\127.0.0.1\7196:/","","test"," 5",4,2,2,2
2014-07-21 19:09:49,"http:\127.0.0.1\7196:/","","test"," 5",5,2,2,2
2014-07-21 19:09:53,"http:\127.0.0.1\7196:/","","test"," 5",6,2,2,2
2014-07-21 19:09:58,"http:\127.0.0.1\7196:/","","test"," 5",0,2,2,2
2014-07-21 19:10:01,"http:\127.0.0.1\7196:/","","test"," 5",0,2,2,2
2014-07-21 19:10:02,"http:\127.0.0.1\7196:/","","test"," 5",0,2,2,2
2014-07-21 19:10:04,"http:\127.0.0.1\7196:/","","test"," 5",0,2,2,2
2014-07-21 19:10:41,"http:\127.0.0.1\7196:/","","test"," 5",0,2,2,2
2014-07-21 19:13:01,"http:\127.0.0.1\7196:/","","test"," 5",0,2,2,2
2014-07-21 19:13:52,"http:\127.0.0.1\7196:/","","test"," 5",0,2,2,2
2014-07-21 19:14:15,"http:\127.0.0.1\7196:/","","test"," 5",0,2,2,2
2014-07-21 19:15:55,"http:\127.0.0.1\7196:/","","test"," 5",0,2,2,2
2014-07-21 19:16:06,"http:\127.0.0.1\7196:/","","test"," 5",1,2,2,2
2014-07-21 19:16:18,"http:\127.0.0.1\7196:/","","test"," 5",2,2,2,2
2014-07-21 19:18:28,"http:\127.0.0.1\7196:/","","test"," 5",3,2,2,2
2014-07-21 19:22:02,"http:\127.0.0.1\7196:/","","test"," 5",0,2,2,2
2014-07-21 19:22:49,"http:\127.0.0.1\7196:/","","test"," 5",0,2,2,2
2014-07-21 19:22:55,"http:\127.0.0.1\7196:/","","test"," 5",1,2,2,2
2014-07-21 19:23:02,"http:\127.0.0.1\7196:/","","test"," 5",2,2,2,2
2014-07-21 19:28:13,"http:\127.0.0.1\7196:/","","test"," 5",3,2,2,2
2014-07-21 19:28:18,"http:\127.0.0.1\7196:/","","test"," 5",4,2,2,2
2014-07-21 19:28:25,"http:\127.0.0.1\7196:/","","test"," 5",5,2,2,2
2014-07-21 19:30:59,"http:\127.0.0.1\7196:/","","test"," 5",0,2,2,2
2014-07-21 19:31:58,"http:\127.0.0.1\7196:/","","test"," 5",0,2,2,2
2014-07-21 19:32:57,"http:\127.0.0.1\7196:/","","test"," 5",0,2,2,2
2014-07-21 19:40:17,"http:\127.0.0.1\7196:/","","test"," 5",0,2,2,2
2014-07-21 19:41:11,"http:\127.0.0.1\7196:/","","test"," 5",1,2,2,2
2014-07-21 19:45:25,"http:\127.0.0.1\7196:/","","test"," 5",0,2,2,2
2014-07-21 19:45:38,"http:\127.0.0.1\7196:/","","test"," 5",1,2,2,2
2014-07-21 19:45:40,"http:\127.0.0.1\7196:/","","test"," 5",2,2,2,2
2014-07-21 19:45:49,"http:\127.0.0.1\7196:/","","test"," 5",3,2,2,2
2014-07-21 19:45:58,"http:\127.0.0.1\7196:/","","test"," 5",4,1,1,1
2014-07-21 19:46:05,"http:\127.0.0.1\7196:/","","test"," 5",5,0,0,0
2014-07-21 19:49:38,"http:\127.0.0.1\7196:/","","test"," 5",0,2,2,2
2014-07-21 19:50:38,"http:\127.0.0.1\7196:/","","test"," 5",0,2,2,2
2014-07-21 21:28:23,"http:\127.0.0.1\7196:/","","test"," 5",0,2,2,2
2014-07-21 21:28:54,"http:\127.0.0.1\7196:/","","test"," 5",1,2,2,2
2014-07-21 21:29:36,"http:\127.0.0.1\7196:/","","test"," 5",0,2,2,2
2014-07-21 21:29:46,"http:\127.0.0.1\7196:/","","test"," 5",1,2,2,2
2014-07-21 21:30:00,"http:\127.0.0.1\7196:/","","test"," 5",2,1,1,1
2014-07-21 21:31:26,"http:\127.0.0.1\7196:/","","test"," 5",0,1,1,1
2014-07-21 21:31:38,"http:\127.0.0.1\7196:/","","test"," 5",1,1,1,1
2014-07-21 21:32:56,"http:\127.0.0.1\7196:/","","test"," 5",0,2,2,2
2014-07-21 21:33:25,"http:\127.0.0.1\7196:/","","test"," 5",1,2,2,2
2014-07-21 21:37:59,"http:\127.0.0.1\7196:/","","test"," 5",0,2,2,2
2014-07-21 21:38:10,"http:\127.0.0.1\7196:/","","test"," 5",0,2,2,2
2014-07-21 21:38:19,"http:\127.0.0.1\7196:/","","test"," 5",1,2,2,2
2014-07-21 21:38:23,"http:\127.0.0.1\7196:/","","test"," 5",2,2,2,2
2014-07-21 21:38:31,"http:\127.0.0.1\7196:/","","test"," 5",3,1,1,1
2014-07-21 21:38:50,"http:\127.0.0.1\7196:/","","test"," 5",4,0,0,0
2014-07-21 21:38:54,"http:\127.0.0.1\7196:/","","test"," 5",5,0,0,0
2014-07-21 21:40:46,"http:\127.0.0.1\7196:/","","test"," 5",0,0,0,0
2014-07-21 21:40:58,"http:\127.0.0.1\7196:/","","test"," 5",1,0,0,0
2014-07-21 21:40:59,"http:\127.0.0.1\7196:/","","test"," 5",2,0,0,0
2014-07-21 21:41:07,"http:\127.0.0.1\7196:/","","test"," 5",0,2,2,2
2014-07-21 21:41:15,"http:\127.0.0.1\7196:/","","test"," 5",1,2,2,2
2014-07-21 21:41:21,"http:\127.0.0.1\7196:/","","test"," 5",2,2,1,1
2014-07-21 21:41:29,"http:\127.0.0.1\7196:/","","test"," 5",3,2,0,0
2014-07-21 21:41:33,"http:\127.0.0.1\7196:/","","test"," 5",4,2,0,0
2014-07-21 21:41:34,"http:\127.0.0.1\7196:/","","test"," 5",5,2,0,0
2014-07-21 21:42:17,"http:\127.0.0.1\7196:/","","test"," 5",0,2,2,2
2014-07-21 21:42:34,"http:\127.0.0.1\7196:/","","test"," 5",1,2,2,2
2014-07-21 21:44:12,"http:\127.0.0.1\7483:/","","test"," 5",0,2,2,2
2014-07-21 22:02:03,"http:\127.0.0.1\7483:/","","test"," 5",0,2,2,2
2014-07-21 22:02:41,"http:\127.0.0.1\7483:/","","test"," 5",1,2,1,2
2014-07-21 22:19:04,"http:\127.0.0.1\7483:/","","test"," 5",0,2,2,2
2014-07-21 22:19:27,"http:\127.0.0.1\7483:/","","test"," 5",0,2,2,2
2014-07-21 22:19:35,"http:\127.0.0.1\7483:/","","test"," 5",0,2,2,2
2014-07-21 22:21:45,"http:\127.0.0.1\7483:/","","test"," 5",0,2,2,2
2014-07-21 22:22:00,"http:\127.0.0.1\7483:/","","test"," 5",1,2,2,2
2014-07-21 22:22:55,"http:\127.0.0.1\7483:/","","test"," 5",0,2,2,2
2014-07-21 22:24:19,"http:\127.0.0.1\7483:/","","test"," 5",0,2,2,2
2014-07-21 22:24:36,"http:\127.0.0.1\7483:/","","test"," 5",0,2,2,2
2014-07-21 22:24:44,"http:\127.0.0.1\7483:/","","test"," 5",1,2,2,2
2014-07-21 22:24:49,"http:\127.0.0.1\7483:/","","test"," 5",2,2,2,2
