2014-08-12 13:00:16,"http://127.0.0.1:6734/","","test"," 5",0,0,0,0,0,0,0,0,0,0,0
2014-08-12 16:06:57,"http://127.0.0.1:5460/","","test"," 5",0,0,0,0,0,0,0,0,0,0,0
2014-08-12 16:07:10,"http://127.0.0.1:5460/","","test"," 5",0,0,0,0,0,0,0,0,0,0,0
2014-08-12 16:25:40,"http://127.0.0.1:5460/","","test"," 5",1,2,2,2,2,2,0,2,0,2,2
2014-08-12 16:25:50,"http://127.0.0.1:5460/","","test"," 5",2,2,2,2,2,2,0,2,0,2,2
2014-08-12 16:28:17,"http://127.0.0.1:5460/","","test"," 5",3,2,2,2,2,2,2,2,2,2,2
2014-08-13 10:08:00,"http://127.0.0.1:7547/","","test"," 5",0,0,0,0,0,0,0,0,0,0,0
2014-08-13 11:20:59,"http://127.0.0.1:7547/","","test"," 5",0,0,0,0,0,0,0,0,0,0,0
2014-08-13 11:21:22,"http://127.0.0.1:7547/","","test"," 5",0,0,0,0,0,0,0,0,0,0,0
2014-08-13 12:07:14,"http://127.0.0.1:7766/","","test"," 5",0,0,0,0,0,0,0,0,0,0,0
2014-08-13 12:07:44,"http://127.0.0.1:7766/","","test"," 5",0,0,0,0,0,0,0,0,0,0,0
2014-08-13 12:09:23,"http://127.0.0.1:7766/","","test"," 5",1,0,2,0,2,0,0,2,0,0,2
2014-08-13 12:09:37,"http://127.0.0.1:7766/","","test"," 5",2,0,2,0,2,0,0,2,0,0,2
2014-08-13 20:15:17,"http://127.0.0.1:7766/","","test"," 5",0,0,0,0,0,0,0,0,0,0,0
2014-08-13 20:15:19,"http://127.0.0.1:7766/","","test"," 5",0,0,0,0,0,0,0,0,0,0,0
2014-08-13 20:17:57,"http://127.0.0.1:7766/","","test"," 5",1,2,2,2,0,0,0,0,0,0,0
2014-08-13 20:18:06,"http://127.0.0.1:7766/","","test"," 5",2,2,2,2,0,0,0,0,0,0,0
2014-08-13 20:26:06,"http://127.0.0.1:7766/","","test"," 5",0,0,0,0,0,0,0,0,0,0,0
2014-08-13 20:39:48,"http://127.0.0.1:7766/","","test"," 5",0,0,0,0,0,0,0,0,0,0,0
2014-08-13 20:40:01,"http://127.0.0.1:7766/","","test"," 5",1,2,0,0,0,0,0,0,0,0,0
2014-08-13 20:41:35,"http://127.0.0.1:7766/","","test"," 5",0,0,0,0,0,0,0,0,0,0,0
2014-08-13 20:43:22,"http://127.0.0.1:7766/","","test"," 5",0,0,0,0,0,0,0,0,0,0,0
2014-08-13 20:43:32,"http://127.0.0.1:7766/","","test"," 5",0,0,0,0,0,0,0,0,0,0,0
2014-08-13 20:44:42,"http://127.0.0.1:7766/","","test"," 5",0,0,0,0,0,0,0,0,0,0,0
2014-08-13 20:45:02,"http://127.0.0.1:7766/","","test"," 5",0,0,0,0,0,0,0,0,0,0,0
2014-08-13 20:45:40,"http://127.0.0.1:7766/","","test"," 5",0,0,0,0,0,0,0,0,0,0,0
2014-08-13 20:45:43,"http://127.0.0.1:7766/","","test"," 5",0,0,0,0,0,0,0,0,0,0,0
2014-08-13 20:46:59,"http://127.0.0.1:7766/","","test"," 5",0,0,0,0,0,0,0,0,0,0,0
2014-08-13 20:47:13,"http://127.0.0.1:7766/","","test"," 5",0,0,0,0,0,0,0,0,0,0,0
2014-08-13 20:51:26,"http://127.0.0.1:7766/","","test"," 5",0,0,0,0,0,0,0,0,0,0,0
2014-08-13 20:53:09,"http://127.0.0.1:7766/","","test"," 5",0,0,0,0,0,0,0,0,0,0,0
2014-08-13 20:53:41,"http://127.0.0.1:7766/","","test"," 5",0,0,0,0,0,0,0,0,0,0,0
2014-08-13 20:53:52,"http://127.0.0.1:7766/","","test"," 5",0,0,0,0,0,0,0,0,0,0,0
2014-08-13 20:59:29,"http://127.0.0.1:7766/","","test"," 5",0,0,0,0,0,0,0,0,0,0,0
2014-08-13 20:59:37,"http://127.0.0.1:7766/","","test"," 5",0,0,0,0,0,0,0,0,0,0,0
2014-08-13 21:01:12,"http://127.0.0.1:7766/","","test"," 5",1,2,0,0,0,0,0,0,0,0,0
2014-08-13 21:01:57,"http://127.0.0.1:7766/","","test"," 5",2,2,2,2,2,2,2,2,2,2,2
2014-08-13 21:02:12,"http://127.0.0.1:7766/","","test"," 5",0,0,0,0,0,0,0,0,0,0,0
2014-08-13 22:43:28,"http://127.0.0.1:7766/","","test"," 5",0,0,0,0,0,0,0,0,0,0,0
2014-08-13 22:43:34,"http://127.0.0.1:7766/","","test"," 5",0,0,0,0,0,0,0,0,0,0,0
2014-08-13 22:43:46,"http://127.0.0.1:7766/","","test"," 5",0,0,0,0,0,0,0,0,0,0,0
2014-08-13 22:43:51,"http://127.0.0.1:7766/","","test"," 5",0,0,0,0,0,0,0,0,0,0,0
2014-08-13 22:44:37,"http://127.0.0.1:7766/","","test"," 5",0,0,0,0,0,0,0,0,0,0,0
2014-08-13 22:46:43,"http://127.0.0.1:7766/","","test"," 5",0,0,0,0,0,0,0,0,0,0,0
2014-08-13 22:47:10,"http://127.0.0.1:7766/","","test"," 5",0,0,0,0,0,0,0,0,0,0,0
2014-08-13 22:47:23,"http://127.0.0.1:7766/","","test"," 5",0,0,0,0,0,0,0,0,0,0,0
2014-08-13 22:47:42,"http://127.0.0.1:7766/","","test"," 5",0,0,0,0,0,0,0,0,0,0,0
2014-08-13 22:47:54,"http://127.0.0.1:7766/","","test"," 5",0,0,0,0,0,0,0,0,0,0,0
2014-08-13 22:48:02,"http://127.0.0.1:7766/","","test"," 5",0,0,0,0,0,0,0,0,0,0,0
2014-08-13 22:48:12,"http://127.0.0.1:7766/","","test"," 5",0,0,0,0,0,0,0,0,0,0,0
2014-08-13 22:50:07,"http://127.0.0.1:7766/","","test"," 5",1,2,2,2,2,2,2,2,2,2,2
2014-08-17 23:21:19,"http://127.0.0.1:7282/","","test"," 5",0,0,0,0,0,0,0,0,0,0,0
2014-08-17 23:22:44,"http://127.0.0.1:7282/","","test"," 5",0,0,0,0,0,0,0,0,0,0,0
2014-08-17 23:29:49,"http://127.0.0.1:4388/","","test"," 5",0,0,0,0,0,0,0,0,0,0,0
2014-08-17 23:41:43,"http://127.0.0.1:4388/","","test"," 5",0,0,0,0,0,0,0,0,0,0,0
2014-08-17 23:46:58,"http://127.0.0.1:4388/","","test"," 5",0,0,0,0,0,0,0,0,0,0,0
2014-08-17 23:49:06,"http://127.0.0.1:4388/","","test"," 5",0,0,0,0,0,0,0,0,0,0,0
2014-08-17 23:49:09,"http://127.0.0.1:4388/","","test"," 5",0,0,0,0,0,0,0,0,0,0,0
2014-08-17 23:55:57,"http://127.0.0.1:6598/","","test"," 5",0,0,0,0,0,0,0,0,0,0,0
2014-08-17 23:56:35,"http://127.0.0.1:6598/","","test"," 5",0,0,0,0,0,0,0,0,0,0,0
2014-08-17 23:57:26,"http://127.0.0.1:6598/","","test"," 5",0,0,0,0,0,0,0,0,0,0,0
2014-08-17 23:57:30,"http://127.0.0.1:6598/","","test"," 5",0,0,0,0,0,0,0,0,0,0,0
2014-08-17 23:57:48,"http://127.0.0.1:6598/","","test"," 5",0,0,0,0,0,0,0,0,0,0,0
2014-08-17 23:57:52,"http://127.0.0.1:6598/","","test"," 5",0,0,0,0,0,0,0,0,0,0,0
2014-08-17 23:58:40,"http://127.0.0.1:6598/","","test"," 5",0,0,0,0,0,0,0,0,0,0,0
2014-08-18 00:00:12,"http://127.0.0.1:6598/","","test"," 5",0,0,0,0,0,0,0,0,0,0,0
2014-08-18 00:01:33,"http://127.0.0.1:6598/","","test"," 5",0,0,0,0,0,0,0,0,0,0,0
2014-08-18 00:01:37,"http://127.0.0.1:6598/","","test"," 5",0,0,0,0,0,0,0,0,0,0,0
2014-08-18 00:07:34,"http://127.0.0.1:6598/","","test"," 5",0,0,0,0,0,0,0,0,0,0,0
2014-08-18 00:08:15,"http://127.0.0.1:6598/","","test"," 5",0,0,0,0,0,0,0,0,0,0,0
2014-08-18 00:08:52,"http://127.0.0.1:6598/","","test"," 5",1,2,0,0,0,0,0,0,0,0,0
2014-08-18 00:10:16,"http://127.0.0.1:6598/","","test"," 5",0,0,0,0,0,0,0,0,0,0,0
2014-08-18 00:12:43,"http://127.0.0.1:6598/","","test"," 5",0,0,0,0,0,0,0,0,0,0,0
2014-08-18 00:14:00,"http://127.0.0.1:6598/","","test"," 5",0,0,0,0,0,0,0,0,0,0,0
2014-08-18 00:14:36,"http://127.0.0.1:6598/","","test"," 5",0,0,0,0,0,0,0,0,0,0,0
2014-08-18 00:14:55,"http://127.0.0.1:6598/","","test"," 5",0,0,0,0,0,0,0,0,0,0,0
2014-08-18 00:15:58,"http://127.0.0.1:6598/","","test"," 5",0,0,0,0,0,0,0,0,0,0,0
2014-08-18 00:16:08,"http://127.0.0.1:6598/","","test"," 5",0,0,0,0,0,0,0,0,0,0,0
2014-08-18 00:16:42,"http://127.0.0.1:6598/","","test"," 5",0,0,0,0,0,0,0,0,0,0,0
2014-08-18 00:17:14,"http://127.0.0.1:6598/","","test"," 5",0,0,0,0,0,0,0,0,0,0,0
2014-08-18 00:18:06,"http://127.0.0.1:6598/","","test"," 5",0,0,0,0,0,0,0,0,0,0,0
2014-08-18 00:18:45,"http://127.0.0.1:6598/","","test"," 5",0,0,0,0,0,0,0,0,0,0,0
2014-08-18 00:19:21,"http://127.0.0.1:6598/","","test"," 5",0,0,0,0,0,0,0,0,0,0,0
2014-08-18 00:28:22,"http://127.0.0.1:6598/","","test"," 5",0,0,0,0,0,0,0,0,0,0,0
2014-08-18 00:28:31,"http://127.0.0.1:6598/","","test"," 5",0,0,0,0,0,0,0,0,0,0,0
2014-08-18 00:28:38,"http://127.0.0.1:6598/","","test"," 5",0,0,0,0,0,0,0,0,0,0,0
2014-08-18 00:29:53,"http://127.0.0.1:6598/","","test"," 5",0,0,0,0,0,0,0,0,0,0,0
2014-08-18 00:33:46,"http://127.0.0.1:6598/","","test"," 5",0,0,0,0,0,0,0,0,0,0,0
2014-08-18 00:33:55,"http://127.0.0.1:6598/","","test"," 5",0,0,0,0,0,0,0,0,0,0,0
2014-08-18 00:36:25,"http://127.0.0.1:6598/","","test"," 5",0,0,0,0,0,0,0,0,0,0,0
2014-08-18 00:36:31,"http://127.0.0.1:6598/","","test"," 5",0,0,0,0,0,0,0,0,0,0,0
2014-08-18 00:38:02,"http://127.0.0.1:6598/","","test"," 5",0,0,0,0,0,0,0,0,0,0,0
2014-08-18 00:38:27,"http://127.0.0.1:6598/","","test"," 5",0,0,0,0,0,0,0,0,0,0,0
2014-08-18 00:38:33,"http://127.0.0.1:6598/","","test"," 5",0,0,0,0,0,0,0,0,0,0,0
2014-08-18 00:41:15,"http://127.0.0.1:6598/","","test"," 5",0,0,0,0,0,0,0,0,0,0,0
2014-08-18 00:43:00,"http://127.0.0.1:6598/","","test"," 5",0,0,0,0,0,0,0,0,0,0,0
2014-08-18 00:43:17,"http://127.0.0.1:6598/","","test"," 5",1,0,0,0,0,0,0,0,0,0,2
2014-08-18 00:45:29,"http://127.0.0.1:6598/","","test"," 5",0,0,0,0,0,0,0,0,0,0,0
2014-08-18 00:45:58,"http://127.0.0.1:6598/","","test"," 5",0,0,0,0,0,0,0,0,0,0,0
2014-08-18 00:46:05,"http://127.0.0.1:6598/","","test"," 5",0,0,0,0,0,0,0,0,0,0,0
2014-08-18 00:46:10,"http://127.0.0.1:6598/","","test"," 5",0,0,0,0,0,0,0,0,0,0,0
2014-08-18 00:50:17,"http://127.0.0.1:6598/","","test"," 5",0,0,0,0,0,0,0,0,0,0,0
2014-08-18 00:52:44,"http://127.0.0.1:6598/","","test"," 5",0,0,0,0,0,0,0,0,0,0,0
2014-08-18 00:53:44,"http://127.0.0.1:6598/","","test"," 5",0,0,0,0,0,0,0,0,0,0,0
2014-08-18 00:53:51,"http://127.0.0.1:6598/","","test"," 5",0,0,0,0,0,0,0,0,0,0,0
2014-08-18 00:55:15,"http://127.0.0.1:6598/","","test"," 5",0,0,0,0,0,0,0,0,0,0,0
2014-08-18 00:55:54,"http://127.0.0.1:6598/","","test"," 5",1,0,0,0,0,2,0,0,0,0,0
2014-08-18 00:57:45,"http://127.0.0.1:6598/","","test"," 5",0,0,0,0,0,0,0,0,0,0,0
2014-08-18 00:57:53,"http://127.0.0.1:6598/","","test"," 5",0,0,0,0,0,0,0,0,0,0,0
2014-08-18 00:58:52,"http://127.0.0.1:6598/","","test"," 5",0,0,0,0,0,0,0,0,0,0,0
2014-08-18 00:59:07,"http://127.0.0.1:6598/","","test"," 5",0,0,0,0,0,0,0,0,0,0,0
2014-08-18 01:00:11,"http://127.0.0.1:6598/","","test"," 5",0,0,0,0,0,0,0,0,0,0,0
2014-08-18 01:01:33,"http://127.0.0.1:6598/","","test"," 5",0,0,0,0,0,0,0,0,0,0,0
2014-08-18 01:01:54,"http://127.0.0.1:6598/","","test"," 5",0,0,0,0,0,0,0,0,0,0,0
2014-08-18 01:02:47,"http://127.0.0.1:6598/","","test"," 5",0,0,0,0,0,0,0,0,0,0,0
2014-08-18 01:03:06,"http://127.0.0.1:6598/","","test"," 5",0,0,0,0,0,0,0,0,0,0,0
2014-08-18 01:04:03,"http://127.0.0.1:6598/","","test"," 5",0,0,0,0,0,0,0,0,0,0,0
2014-08-18 01:05:10,"http://127.0.0.1:6598/","","test"," 5",0,0,0,0,0,0,0,0,0,0,0
2014-08-18 10:23:41,"http://127.0.0.1:6598/","","test"," 5",0,0,0,0,0,0,0,0,0,0,0
2014-08-18 10:23:54,"http://127.0.0.1:6598/","","test"," 5",0,0,0,0,0,0,0,0,0,0,0
2014-08-18 10:27:58,"http://127.0.0.1:6598/","","test"," 5",0,0,0,0,0,0,0,0,0,0,0
2014-08-18 10:29:04,"http://127.0.0.1:6598/","","test"," 5",0,0,0,0,0,0,0,0,0,0,0
2014-08-18 10:29:54,"http://127.0.0.1:6598/","","test"," 5",0,0,0,0,0,0,0,0,0,0,0
2014-08-18 10:35:13,"http://127.0.0.1:6598/","","test"," 5",0,0,0,0,0,0,0,0,0,0,0
2014-08-18 10:38:26,"http://127.0.0.1:6598/","","test"," 5",0,0,0,0,0,0,0,0,0,0,0
2014-08-18 10:41:11,"http://127.0.0.1:6598/","","test"," 5",0,0,0,0,0,0,0,0,0,0,0
2014-08-18 10:42:57,"http://127.0.0.1:6598/","","test"," 5",0,0,0,0,0,0,0,0,0,0,0
2014-08-18 10:43:10,"http://127.0.0.1:6598/","","test"," 5",0,0,0,0,0,0,0,0,0,0,0
2014-08-18 10:43:37,"http://127.0.0.1:6598/","","test"," 5",0,0,0,0,0,0,0,0,0,0,0
2014-08-18 10:45:37,"http://127.0.0.1:6598/","","test"," 5",0,0,0,0,0,0,0,0,0,0,0
2014-08-18 10:48:57,"http://127.0.0.1:6598/","","test"," 5",0,0,0,0,0,0,0,0,0,0,0
2014-08-18 10:49:10,"http://127.0.0.1:6598/","","test"," 5",0,0,0,0,0,0,0,0,0,0,0
2014-08-18 10:51:15,"http://127.0.0.1:6598/","","test"," 5",0,0,0,0,0,0,0,0,0,0,0
2014-08-18 10:51:34,"http://127.0.0.1:6598/","","test"," 5",0,0,0,0,0,0,0,0,0,0,0
2014-08-18 10:51:45,"http://127.0.0.1:6598/","","test"," 5",0,0,0,0,0,0,0,0,0,0,0
2014-08-18 10:56:29,"http://127.0.0.1:6598/","","test"," 5",0,0,0,0,0,0,0,0,0,0,0
2014-08-18 10:56:50,"http://127.0.0.1:6598/","","test"," 5",0,0,0,0,0,0,0,0,0,0,0
2014-08-18 10:58:21,"http://127.0.0.1:6598/","","test"," 5",0,0,0,0,0,0,0,0,0,0,0
2014-08-18 11:00:23,"http://127.0.0.1:4288/","","test"," 5",0,0,0,0,0,0,0,0,0,0,0
2014-08-18 11:00:43,"http://127.0.0.1:4288/","","test"," 5",0,0,0,0,0,0,0,0,0,0,0
2014-08-18 11:00:57,"http://127.0.0.1:4288/","","test"," 5",0,0,0,0,0,0,0,0,0,0,0
2014-08-18 11:02:12,"http://127.0.0.1:4288/","","test"," 5",0,0,0,0,0,0,0,0,0,0,0
2014-08-18 11:03:16,"http://127.0.0.1:4288/","","test"," 5",0,0,0,0,0,0,0,0,0,0,0
2014-08-18 11:05:30,"http://127.0.0.1:4288/","","test"," 5",0,0,0,0,0,0,0,0,0,0,0
2014-08-18 11:05:42,"http://127.0.0.1:4288/","","test"," 5",0,0,0,0,0,0,0,0,0,0,0
2014-08-18 11:06:56,"http://127.0.0.1:4288/","","test"," 5",0,0,0,0,0,0,0,0,0,0,0
2014-08-18 11:08:04,"http://127.0.0.1:4288/","","test"," 5",0,0,0,0,0,0,0,0,0,0,0
2014-08-18 11:08:14,"http://127.0.0.1:4288/","","test"," 5",0,0,0,0,0,0,0,0,0,0,0
2014-08-18 11:10:00,"http://127.0.0.1:4288/","","test"," 5",0,0,0,0,0,0,0,0,0,0,0
2014-08-18 11:10:13,"http://127.0.0.1:4288/","","test"," 5",0,0,0,0,0,0,0,0,0,0,0
2014-08-18 11:11:02,"http://127.0.0.1:4288/","","test"," 5",0,0,0,0,0,0,0,0,0,0,0
2014-08-18 11:12:00,"http://127.0.0.1:4288/","","test"," 5",0,0,0,0,0,0,0,0,0,0,0
2014-08-18 11:12:28,"http://127.0.0.1:4288/","","test"," 5",0,0,0,0,0,0,0,0,0,0,0
2014-08-18 11:13:22,"http://127.0.0.1:4288/","","test"," 5",1,0,0,0,0,2,0,0,0,2,0
2014-08-18 11:14:35,"http://127.0.0.1:4288/","","test"," 5",2,0,1,1,1,2,1,1,1,2,1
2014-08-18 11:14:59,"http://127.0.0.1:4288/","","test"," 5",3,0,1,1,1,2,1,1,1,2,1
2014-08-19 08:48:14,"http://127.0.0.1:6039/","","test"," 5",0,0,0,0,0,0,0,0,0,0,0
2014-08-19 08:48:20,"http://127.0.0.1:6039/","","test"," 5",0,0,0,0,0,0,0,0,0,0,0
2014-08-19 08:48:25,"http://127.0.0.1:6039/","","test"," 5",0,0,0,0,0,0,0,0,0,0,0
2014-08-19 08:48:31,"http://127.0.0.1:6039/","","test"," 5",0,0,0,0,0,0,0,0,0,0,0
2014-08-19 08:48:36,"http://127.0.0.1:6039/","","test"," 5",0,0,0,0,0,0,0,0,0,0,0
2014-08-31 11:20:43,"http://127.0.0.1:6264/","","test"," 5",0,0,0,0,0,0,0,0,0,0,0
